{"0": {"0": [66.609375, 57.609375], "1": [69.734375, 33.390625], "2": [57.234375, 40.421875], "3": [75.203125, 39.640625], "4": [62.703125, 70.109375], "5": [68.171875, 70.109375], "6": [52.546875, 58.390625], "7": [79.890625, 58.390625], "8": [50.984375, 96.671875], "9": [72.078125, 95.109375], "10": [49.421875, 69.328125], "11": [79.109375, 71.671875], "12": [53.328125, 109.953125], "13": [70.515625, 109.171875]}, "1": {"0": [65.390625, 54.390625], "1": [67.734375, 32.515625], "2": [58.359375, 37.984375], "3": [77.109375, 38.765625], "4": [62.265625, 66.890625], "5": [69.296875, 66.109375], "6": [71.640625, 54.390625], "7": [51.328125, 50.484375], "8": [52.890625, 94.234375], "9": [72.421875, 95.796875], "10": [61.484375, 65.328125], "11": [41.171875, 58.296875], "12": [52.890625, 112.203125], "13": [70.859375, 109.078125]}, "2": {"0": [64.609375, 55.390625], "1": [69.296875, 31.953125], "2": [58.359375, 37.421875], "3": [77.890625, 38.984375], "4": [61.484375, 67.890625], "5": [68.515625, 67.890625], "6": [47.421875, 49.140625], "7": [69.296875, 53.828125], "8": [52.890625, 96.796875], "9": [71.640625, 97.578125], "10": [32.578125, 55.390625], "11": [51.328125, 56.171875], "12": [52.109375, 113.984375], "13": [70.859375, 110.859375]}, "3": {"0": [64.609375, 55.390625], "1": [66.953125, 31.953125], "2": [58.359375, 38.203125], "3": [78.671875, 40.546875], "4": [61.484375, 67.109375], "5": [68.515625, 67.109375], "6": [45.078125, 47.578125], "7": [61.484375, 46.015625], "8": [52.890625, 95.234375], "9": [70.078125, 96.796875], "10": [29.453125, 46.796875], "11": [51.328125, 44.453125], "12": [50.546875, 113.984375], "13": [69.296875, 110.078125]}, "4": {"0": [65.609375, 57.609375], "1": [67.171875, 33.390625], "2": [60.140625, 41.203125], "3": [78.109375, 39.640625], "4": [62.484375, 69.328125], "5": [69.515625, 70.109375], "6": [46.078125, 45.109375], "7": [62.484375, 45.109375], "8": [50.765625, 95.109375], "9": [74.203125, 99.015625], "10": [33.578125, 38.859375], "11": [74.203125, 50.578125], "12": [47.640625, 113.078125], "13": [70.296875, 112.296875]}, "5": {"0": [65.609375, 54.609375], "1": [67.171875, 31.953125], "2": [60.140625, 38.984375], "3": [78.890625, 38.203125], "4": [61.703125, 67.109375], "5": [69.515625, 67.890625], "6": [44.515625, 41.328125], "7": [62.484375, 38.984375], "8": [49.203125, 94.453125], "9": [77.328125, 97.578125], "10": [35.140625, 30.390625], "11": [67.171875, 31.953125], "12": [45.296875, 111.640625], "13": [76.546875, 111.640625]}, "6": {"0": [65.609375, 50.390625], "1": [66.390625, 31.640625], "2": [61.703125, 37.109375], "3": [66.390625, 38.671875], "4": [61.703125, 66.015625], "5": [69.515625, 65.234375], "6": [46.078125, 40.234375], "7": [79.671875, 41.015625], "8": [49.203125, 91.015625], "9": [78.890625, 94.921875], "10": [41.390625, 26.953125], "11": [74.203125, 44.921875], "12": [44.515625, 111.328125], "13": [79.671875, 111.328125]}, "7": {"0": [63.609375, 58.390625], "1": [64.390625, 32.609375], "2": [58.140625, 40.421875], "3": [76.890625, 39.640625], "4": [61.265625, 70.890625], "5": [69.078125, 70.109375], "6": [33.140625, 41.203125], "7": [58.140625, 45.109375], "8": [46.421875, 98.234375], "9": [83.921875, 96.671875], "10": [24.546875, 40.421875], "11": [40.953125, 40.421875], "12": [47.203125, 112.296875], "13": [80.796875, 113.078125]}, "8": {"0": [64.609375, 56.609375], "1": [62.265625, 35.515625], "2": [61.484375, 41.765625], "3": [69.296875, 40.984375], "4": [60.703125, 71.453125], "5": [70.078125, 70.671875], "6": [38.828125, 45.671875], "7": [48.984375, 49.578125], "8": [45.859375, 95.671875], "9": [84.921875, 94.109375], "10": [25.546875, 50.359375], "11": [29.453125, 51.921875], "12": [48.984375, 109.734375], "13": [82.578125, 111.296875]}, "9": {"0": [61.609375, 58.609375], "1": [60.046875, 34.390625], "2": [53.015625, 44.546875], "3": [70.203125, 40.640625], "4": [59.265625, 71.890625], "5": [69.421875, 70.328125], "6": [36.609375, 46.890625], "7": [48.328125, 48.453125], "8": [45.203125, 92.984375], "9": [85.828125, 92.984375], "10": [24.890625, 52.359375], "11": [48.328125, 51.578125], "12": [49.890625, 108.609375], "13": [85.828125, 109.390625]}, "10": {"0": [63.609375, 56.609375], "1": [58.140625, 34.734375], "2": [53.453125, 41.765625], "3": [66.734375, 38.640625], "4": [60.484375, 69.890625], "5": [71.421875, 68.328125], "6": [35.484375, 47.234375], "7": [44.078125, 49.578125], "8": [44.859375, 89.421875], "9": [88.609375, 90.203125], "10": [24.546875, 54.265625], "11": [23.765625, 52.703125], "12": [51.890625, 106.609375], "13": [86.265625, 108.171875]}, "11": {"0": [65.609375, 55.609375], "1": [62.484375, 32.171875], "2": [57.015625, 41.546875], "3": [72.640625, 37.640625], "4": [62.484375, 69.671875], "5": [72.640625, 68.890625], "6": [40.609375, 45.453125], "7": [57.015625, 47.015625], "8": [48.421875, 92.328125], "9": [88.265625, 92.328125], "10": [27.328125, 50.140625], "11": [28.890625, 50.921875], "12": [52.328125, 106.390625], "13": [87.484375, 107.953125]}, "12": {"0": [66.609375, 57.609375], "1": [65.046875, 33.390625], "2": [58.796875, 41.984375], "3": [74.421875, 38.859375], "4": [63.484375, 70.109375], "5": [73.640625, 70.109375], "6": [45.515625, 41.203125], "7": [57.234375, 44.328125], "8": [47.859375, 93.546875], "9": [87.703125, 93.546875], "10": [25.984375, 39.640625], "11": [56.453125, 50.578125], "12": [48.640625, 109.171875], "13": [83.015625, 109.953125]}, "13": {"0": [65.609375, 58.390625], "1": [66.390625, 34.953125], "2": [62.484375, 41.203125], "3": [78.890625, 40.421875], "4": [60.921875, 70.890625], "5": [71.078125, 71.671875], "6": [46.859375, 48.234375], "7": [59.359375, 47.453125], "8": [44.515625, 92.765625], "9": [81.234375, 94.328125], "10": [35.140625, 39.640625], "11": [52.328125, 38.859375], "12": [41.390625, 109.953125], "13": [76.546875, 109.953125]}, "14": {"0": [66.390625, 59.390625], "1": [65.609375, 35.171875], "2": [57.796875, 39.859375], "3": [80.453125, 42.203125], "4": [61.703125, 70.328125], "5": [71.859375, 70.328125], "6": [53.109375, 52.359375], "7": [66.390625, 56.265625], "8": [43.734375, 90.640625], "9": [82.015625, 94.546875], "10": [39.828125, 43.765625], "11": [55.453125, 50.015625], "12": [44.515625, 107.828125], "13": [75.765625, 108.609375]}, "15": {"0": [65.609375, 60.390625], "1": [66.390625, 36.171875], "2": [57.796875, 40.859375], "3": [80.453125, 43.203125], "4": [60.921875, 70.546875], "5": [71.859375, 71.328125], "6": [65.609375, 55.703125], "7": [67.953125, 58.046875], "8": [44.515625, 90.078125], "9": [84.359375, 93.984375], "10": [45.296875, 50.234375], "11": [58.578125, 50.234375], "12": [44.515625, 108.046875], "13": [78.890625, 108.828125]}, "16": {"0": [63.609375, 59.390625], "1": [65.953125, 35.171875], "2": [57.359375, 42.203125], "3": [78.453125, 42.984375], "4": [60.484375, 68.765625], "5": [69.859375, 69.546875], "6": [66.734375, 55.484375], "7": [66.734375, 57.046875], "8": [44.078125, 88.296875], "9": [83.921875, 89.859375], "10": [47.984375, 53.140625], "11": [47.984375, 53.921875], "12": [44.859375, 103.921875], "13": [79.234375, 104.703125]}, "17": {"0": [65.390625, 60.390625], "1": [63.828125, 39.296875], "2": [58.359375, 43.984375], "3": [78.671875, 45.546875], "4": [62.265625, 68.984375], "5": [71.640625, 68.984375], "6": [67.734375, 57.265625], "7": [64.609375, 59.609375], "8": [42.734375, 87.734375], "9": [83.359375, 90.078125], "10": [51.328125, 54.140625], "11": [49.765625, 54.921875], "12": [44.296875, 104.140625], "13": [78.671875, 104.140625]}, "18": {"0": [65.609375, 59.390625], "1": [65.609375, 33.609375], "2": [59.359375, 41.421875], "3": [76.546875, 40.640625], "4": [60.921875, 71.109375], "5": [71.859375, 71.890625], "6": [46.078125, 50.015625], "7": [63.265625, 53.921875], "8": [45.296875, 89.859375], "9": [80.453125, 92.984375], "10": [31.234375, 44.546875], "11": [49.203125, 36.734375], "12": [47.640625, 105.484375], "13": [79.671875, 107.046875]},