{"0": {"0": [68.390625, 55.609375], "1": [68.390625, 32.953125], "2": [58.234375, 40.765625], "3": [73.078125, 39.984375], "4": [62.921875, 68.109375], "5": [68.390625, 68.890625], "6": [53.546875, 58.734375], "7": [79.328125, 60.296875], "8": [52.765625, 97.015625], "9": [72.296875, 97.796875], "10": [49.640625, 71.234375], "11": [79.328125, 71.234375], "12": [51.203125, 111.859375], "13": [70.734375, 111.078125]}, "1": {"0": [67.609375, 56.390625], "1": [69.953125, 32.171875], "2": [58.234375, 39.203125], "3": [75.421875, 39.203125], "4": [62.921875, 68.109375], "5": [69.953125, 68.109375], "6": [52.765625, 51.703125], "7": [73.859375, 53.265625], "8": [52.765625, 95.453125], "9": [71.515625, 96.234375], "10": [37.921875, 57.953125], "11": [64.484375, 62.640625], "12": [51.203125, 111.859375], "13": [71.515625, 111.078125]}, "2": {"0": [67.609375, 55.609375], "1": [68.390625, 32.171875], "2": [59.015625, 39.203125], "3": [75.421875, 37.640625], "4": [62.140625, 68.109375], "5": [69.171875, 68.890625], "6": [49.640625, 48.578125], "7": [69.953125, 53.265625], "8": [52.765625, 95.453125], "9": [70.734375, 98.578125], "10": [32.453125, 54.046875], "11": [54.328125, 56.390625], "12": [50.421875, 114.984375], "13": [70.734375, 114.203125]}, "3": {"0": [67.609375, 56.390625], "1": [70.734375, 32.171875], "2": [59.796875, 39.203125], "3": [76.203125, 39.203125], "4": [61.359375, 68.109375], "5": [68.390625, 68.890625], "6": [48.078125, 47.796875], "7": [59.015625, 46.234375], "8": [53.546875, 93.109375], "9": [69.953125, 96.234375], "10": [28.546875, 45.453125], "11": [60.578125, 52.484375], "12": [49.640625, 114.203125], "13": [69.953125, 111.859375]}, "4": {"0": [68.390625, 55.609375], "1": [69.953125, 32.953125], "2": [59.796875, 39.984375], "3": [77.765625, 38.421875], "4": [62.140625, 68.109375], "5": [69.171875, 69.671875], "6": [47.296875, 45.453125], "7": [63.703125, 46.234375], "8": [51.984375, 93.890625], "9": [73.859375, 97.015625], "10": [32.453125, 38.421875], "11": [54.328125, 36.859375], "12": [46.515625, 114.203125], "13": [72.296875, 113.421875]}, "5": {"0": [67.609375, 55.609375], "1": [68.390625, 31.390625], "2": [57.453125, 39.984375], "3": [76.203125, 37.640625], "4": [61.359375, 67.328125], "5": [69.953125, 68.890625], "6": [73.078125, 46.234375], "7": [45.734375, 42.328125], "8": [49.640625, 92.328125], "9": [76.984375, 96.234375], "10": [30.890625, 29.828125], "11": [34.796875, 30.609375], "12": [44.171875, 112.640625], "13": [76.984375, 113.421875]}, "6": {"0": [68.390625, 56.390625], "1": [67.609375, 33.734375], "2": [56.671875, 41.546875], "3": [73.078125, 39.203125], "4": [62.921875, 68.109375], "5": [69.171875, 68.890625], "6": [79.328125, 43.109375], "7": [45.734375, 40.765625], "8": [48.859375, 92.328125], "9": [79.328125, 95.453125], "10": [73.078125, 35.296875], "11": [40.265625, 25.921875], "12": [43.390625, 111.078125], "13": [80.109375, 113.421875]}, "7": {"0": [68.390625, 56.390625], "1": [69.953125, 32.953125], "2": [59.015625, 39.203125], "3": [75.421875, 39.203125], "4": [62.140625, 69.671875], "5": [69.953125, 70.453125], "6": [43.390625, 42.328125], "7": [55.890625, 41.546875], "8": [46.515625, 95.453125], "9": [84.015625, 96.234375], "10": [24.640625, 37.640625], "11": [67.609375, 43.109375], "12": [46.515625, 112.640625], "13": [83.234375, 114.203125]}, "8": {"0": [68.390625, 56.390625], "1": [66.046875, 35.296875], "2": [58.234375, 42.328125], "3": [69.953125, 40.765625], "4": [63.703125, 69.671875], "5": [69.953125, 70.453125], "6": [41.828125, 43.890625], "7": [51.203125, 49.359375], "8": [45.734375, 91.546875], "9": [84.796875, 94.671875], "10": [22.296875, 45.453125], "11": [62.140625, 50.921875], "12": [48.078125, 110.296875], "13": [84.015625, 111.859375]}, "9": {"0": [68.390625, 56.390625], "1": [65.265625, 34.515625], "2": [58.234375, 42.328125], "3": [69.953125, 39.984375], "4": [64.484375, 69.671875], "5": [70.734375, 69.671875], "6": [42.609375, 45.453125], "7": [48.078125, 47.796875], "8": [44.953125, 90.765625], "9": [85.578125, 94.671875], "10": [27.765625, 51.703125], "11": [62.140625, 51.703125], "12": [49.640625, 109.515625], "13": [86.359375, 110.296875]}, "10": {"0": [68.390625, 56.390625], "1": [62.140625, 32.953125], "2": [53.546875, 43.890625], "3": [68.390625, 37.640625], "4": [66.046875, 68.890625], "5": [72.296875, 68.890625], "6": [39.484375, 45.453125], "7": [44.953125, 47.796875], "8": [46.515625, 89.203125], "9": [88.703125, 93.890625], "10": [22.296875, 50.140625], "11": [26.203125, 54.828125], "12": [53.546875, 107.171875], "13": [88.703125, 108.734375]}, "11": {"0": [68.390625, 56.390625], "1": [65.265625, 31.390625], "2": [55.890625, 40.765625], "3": [71.515625, 37.640625], "4": [63.703125, 68.890625], "5": [71.515625, 68.890625], "6": [44.171875, 45.453125], "7": [51.984375, 45.453125], "8": [48.859375, 90.765625], "9": [89.484375, 93.890625], "10": [23.078125, 44.671875], "11": [34.796875, 48.578125], "12": [54.328125, 107.953125], "13": [89.484375, 109.515625]}, "12": {"0": [68.390625, 55.609375], "1": [65.265625, 32.953125], "2": [55.890625, 39.984375], "3": [73.859375, 36.859375], "4": [65.265625, 69.671875], "5": [72.296875, 68.890625], "6": [45.734375, 42.328125], "7": [56.671875, 42.328125], "8": [47.296875, 90.765625], "9": [86.359375, 93.109375], "10": [26.203125, 39.203125], "11": [61.359375, 49.359375], "12": [48.078125, 109.515625], "13": [87.140625, 111.859375]}, "13": {"0": [68.390625, 56.390625], "1": [69.171875, 34.515625], "2": [59.015625, 41.546875], "3": [75.421875, 39.984375], "4": [62.921875, 68.890625], "5": [69.953125, 70.453125], "6": [48.859375, 47.796875], "7": [58.234375, 46.234375], "8": [42.609375, 91.546875], "9": [80.890625, 94.671875], "10": [32.453125, 38.421875], "11": [49.640625, 38.421875], "12": [42.609375, 110.296875], "13": [78.546875, 111.078125]}, "14": {"0": [67.609375, 56.390625], "1": [69.171875, 36.078125], "2": [56.671875, 42.328125], "3": [76.203125, 39.984375], "4": [62.921875, 67.328125], "5": [70.734375, 68.890625], "6": [71.515625, 53.265625], "7": [52.765625, 49.359375], "8": [43.390625, 90.765625], "9": [81.671875, 93.890625], "10": [48.078125, 47.015625], "11": [41.828125, 44.671875], "12": [44.171875, 107.953125], "13": [79.328125, 109.515625]}, "15": {"0": [67.609375, 56.390625], "1": [70.734375, 36.078125], "2": [56.671875, 41.546875], "3": [78.546875, 39.984375], "4": [62.140625, 68.109375], "5": [72.296875, 68.109375], "6": [72.296875, 53.265625], "7": [55.890625, 51.703125], "8": [45.734375, 89.203125], "9": [84.015625, 93.109375], "10": [54.328125, 54.046875], "11": [41.828125, 47.796875], "12": [44.171875, 108.734375], "13": [81.671875, 109.515625]}, "16": {"0": [67.609375, 56.390625], "1": [70.734375, 36.859375], "2": [56.671875, 42.328125], "3": [76.203125, 40.765625], "4": [60.578125, 66.546875], "5": [70.734375, 67.328125], "6": [73.078125, 53.265625], "7": [73.078125, 55.609375], "8": [44.953125, 86.859375], "9": [83.234375, 90.765625], "10": [48.078125, 54.046875], "11": [44.953125, 51.703125], "12": [44.953125, 104.046875], "13": [80.890625, 106.390625]}, "17": {"0": [67.609375, 56.390625], "1": [69.953125, 38.421875], "2": [56.671875, 43.890625], "3": [76.203125, 43.890625], "4": [60.578125, 64.203125], "5": [70.734375, 67.328125], "6": [73.078125, 56.390625], "7": [61.359375, 55.609375], "8": [43.390625, 86.078125], "9": [83.234375, 89.984375], "10": [51.203125, 55.609375], "11": [51.203125, 57.171875], "12": [43.390625, 104.828125], "13": [81.671875, 106.390625]}, "18": {"0": [67.609375, 56.390625], "1": [68.390625, 33.734375], "2": [59.015625, 41.546875], "3": [74.640625, 38.421875], "4": [60.578125, 67.328125], "5": [69.171875, 68.890625], "6": [46.515625, 50.140625], "7": [68.390625, 55.609375], "8": [45.734375, 91.546875], "9": [80.109375, 91.546875], "10": [31.671875, 42.328125], "11": [50.421875, 37.640625], "12": [45.734375, 107.171875], "13": [81.671875, 107.953125]},