{"0": {"0": [66.609375, 57.609375], "1": [70.515625, 31.828125], "2": [57.234375, 38.859375], "3": [74.421875, 39.640625], "4": [64.265625, 69.328125], "5": [69.734375, 70.890625], "6": [52.546875, 58.390625], "7": [79.109375, 59.953125], "8": [52.546875, 97.453125], "9": [72.078125, 95.890625], "10": [50.984375, 70.109375], "11": [78.328125, 73.234375], "12": [52.546875, 109.953125], "13": [72.078125, 109.953125]}, "1": {"0": [64.609375, 53.609375], "1": [67.734375, 30.953125], "2": [57.578125, 37.203125], "3": [77.109375, 38.765625], "4": [63.046875, 67.671875], "5": [69.296875, 66.109375], "6": [51.328125, 51.265625], "7": [76.328125, 52.828125], "8": [53.671875, 95.015625], "9": [71.640625, 96.578125], "10": [38.828125, 59.078125], "11": [61.484375, 64.546875], "12": [51.328125, 112.203125], "13": [71.640625, 110.640625]}, "2": {"0": [65.390625, 54.609375], "1": [66.953125, 31.953125], "2": [59.921875, 35.859375], "3": [77.890625, 38.203125], "4": [63.046875, 68.671875], "5": [67.734375, 67.890625], "6": [48.984375, 49.921875], "7": [71.640625, 51.484375], "8": [53.671875, 96.015625], "9": [70.859375, 98.359375], "10": [32.578125, 54.609375], "11": [52.890625, 55.390625], "12": [50.546875, 113.203125], "13": [71.640625, 111.640625]}, "3": {"0": [65.390625, 54.609375], "1": [66.171875, 31.171875], "2": [61.484375, 35.859375], "3": [77.890625, 38.203125], "4": [62.265625, 67.890625], "5": [66.953125, 68.671875], "6": [42.734375, 46.796875], "7": [68.515625, 47.578125], "8": [53.671875, 95.234375], "9": [70.859375, 98.359375], "10": [27.109375, 46.796875], "11": [48.203125, 44.453125], "12": [49.765625, 112.421875], "13": [70.859375, 112.421875]}, "4": {"0": [65.609375, 57.609375], "1": [67.171875, 31.828125], "2": [62.484375, 35.734375], "3": [76.546875, 38.078125], "4": [64.046875, 69.328125], "5": [67.171875, 69.328125], "6": [47.640625, 45.109375], "7": [78.109375, 44.328125], "8": [53.109375, 93.546875], "9": [74.203125, 98.234375], "10": [32.796875, 38.859375], "11": [53.890625, 35.734375], "12": [47.640625, 113.078125], "13": [73.421875, 113.078125]}, "5": {"0": [65.609375, 54.609375], "1": [67.171875, 29.609375], "2": [61.703125, 35.859375], "3": [74.984375, 35.859375], "4": [63.265625, 67.109375], "5": [67.171875, 67.890625], "6": [45.296875, 41.328125], "7": [77.328125, 44.453125], "8": [50.765625, 92.109375], "9": [75.765625, 95.234375], "10": [34.359375, 31.953125], "11": [57.796875, 33.515625], "12": [45.296875, 111.640625], "13": [77.328125, 111.640625]}, "6": {"0": [65.609375, 49.609375], "1": [68.734375, 30.859375], "2": [60.921875, 36.328125], "3": [74.984375, 37.890625], "4": [64.046875, 64.453125], "5": [67.171875, 65.234375], "6": [45.296875, 40.234375], "7": [78.109375, 44.921875], "8": [49.984375, 90.234375], "9": [78.890625, 94.140625], "10": [40.609375, 26.171875], "11": [74.984375, 33.203125], "12": [44.515625, 110.546875], "13": [80.453125, 112.109375]}, "7": {"0": [63.609375, 57.609375], "1": [62.828125, 31.046875], "2": [56.578125, 38.078125], "3": [70.640625, 36.515625], "4": [62.046875, 70.890625], "5": [66.734375, 69.328125], "6": [33.921875, 41.203125], "7": [72.984375, 43.546875], "8": [47.984375, 95.109375], "9": [82.359375, 95.109375], "10": [25.328125, 38.859375], "11": [38.609375, 39.640625], "12": [47.203125, 110.734375], "13": [83.921875, 112.296875]}, "8": {"0": [64.609375, 57.390625], "1": [58.359375, 35.515625], "2": [54.453125, 40.984375], "3": [66.953125, 39.421875], "4": [62.265625, 71.453125], "5": [68.515625, 71.453125], "6": [34.140625, 45.671875], "7": [52.109375, 49.578125], "8": [47.421875, 92.546875], "9": [83.359375, 94.109375], "10": [22.421875, 47.234375], "11": [30.234375, 49.578125], "12": [48.203125, 108.953125], "13": [84.921875, 110.515625]}, "9": {"0": [61.609375, 59.390625], "1": [55.359375, 34.390625], "2": [48.328125, 42.203125], "3": [65.515625, 39.859375], "4": [60.046875, 71.109375], "5": [67.078125, 70.328125], "6": [35.046875, 46.890625], "7": [47.546875, 48.453125], "8": [46.765625, 89.859375], "9": [85.046875, 93.765625], "10": [26.453125, 50.796875], "11": [28.796875, 51.578125], "12": [49.109375, 108.609375], "13": [86.609375, 110.171875]}, "10": {"0": [63.609375, 57.390625], "1": [53.453125, 33.953125], "2": [46.421875, 41.765625], "3": [63.609375, 37.078125], "4": [62.046875, 69.109375], "5": [69.078125, 68.328125], "6": [34.703125, 47.234375], "7": [47.984375, 48.015625], "8": [47.203125, 87.078125], "9": [87.828125, 90.984375], "10": [19.859375, 46.453125], "11": [26.890625, 53.484375], "12": [51.890625, 106.609375], "13": [88.609375, 108.171875]}, "11": {"0": [65.609375, 56.390625], "1": [58.578125, 32.171875], "2": [52.328125, 39.203125], "3": [68.734375, 36.859375], "4": [64.046875, 68.109375], "5": [69.515625, 67.328125], "6": [39.828125, 43.109375], "7": [51.546875, 45.453125], "8": [49.984375, 88.421875], "9": [88.265625, 91.546875], "10": [28.109375, 49.359375], "11": [31.234375, 49.359375], "12": [53.109375, 105.609375], "13": [89.828125, 107.953125]}, "12": {"0": [66.609375, 58.390625], "1": [62.703125, 31.828125], "2": [55.671875, 40.421875], "3": [72.078125, 36.515625], "4": [64.265625, 70.109375], "5": [70.515625, 69.328125], "6": [30.671875, 41.984375], "7": [69.734375, 44.328125], "8": [47.859375, 88.859375], "9": [86.140625, 93.546875], "10": [23.640625, 36.515625], "11": [38.484375, 39.640625], "12": [48.640625, 107.609375], "13": [86.140625, 109.953125]}, "13": {"0": [65.609375, 57.609375], "1": [66.390625, 32.609375], "2": [60.140625, 37.296875], "3": [77.328125, 38.859375], "4": [62.484375, 70.109375], "5": [67.171875, 70.109375], "6": [48.421875, 47.453125], "7": [71.859375, 47.453125], "8": [44.515625, 90.421875], "9": [80.453125, 94.328125], "10": [34.359375, 41.203125], "11": [52.328125, 40.421875], "12": [42.953125, 108.390625], "13": [78.890625, 110.734375]}, "14": {"0": [65.609375, 58.609375], "1": [65.609375, 33.609375], "2": [59.359375, 35.953125], "3": [74.203125, 39.078125], "4": [62.484375, 68.765625], "5": [67.171875, 69.546875], "6": [53.109375, 50.015625], "7": [75.765625, 49.234375], "8": [44.515625, 87.515625], "9": [79.671875, 92.203125], "10": [39.046875, 44.546875], "11": [57.015625, 51.578125], "12": [43.734375, 107.046875], "13": [80.453125, 107.828125]}, "15": {"0": [65.609375, 59.609375], "1": [66.390625, 33.828125], "2": [59.359375, 36.171875], "3": [74.984375, 40.078125], "4": [61.703125, 68.984375], "5": [68.734375, 69.765625], "6": [53.890625, 51.015625], "7": [74.984375, 54.921875], "8": [46.078125, 88.515625], "9": [82.796875, 92.421875], "10": [43.734375, 48.671875], "11": [58.578125, 54.140625], "12": [43.734375, 107.265625], "13": [82.015625, 108.828125]}, "16": {"0": [63.609375, 58.609375], "1": [65.171875, 35.171875], "2": [58.140625, 36.734375], "3": [74.546875, 41.421875], "4": [59.703125, 67.203125], "5": [66.734375, 67.984375], "6": [57.359375, 53.140625], "7": [76.109375, 54.703125], "8": [45.640625, 85.171875], "9": [82.359375, 88.296875], "10": [47.203125, 53.140625], "11": [56.578125, 55.484375], "12": [44.859375, 103.140625], "13": [82.359375, 105.484375]}, "17": {"0": [64.609375, 60.390625], "1": [63.828125, 36.953125], "2": [56.796875, 36.953125], "3": [73.203125, 43.203125], "4": [59.921875, 65.859375], "5": [66.953125, 68.203125], "6": [56.796875, 51.015625], "7": [77.890625, 54.921875], "8": [45.859375, 83.828125], "9": [81.796875, 88.515625], "10": [51.328125, 57.265625], "11": [67.734375, 64.296875], "12": [45.078125, 102.578125], "13": [81.796875, 104.140625]}, "18": {"0": [65.609375, 59.390625], "1": [63.265625, 32.828125], "2": [57.796875, 38.296875], "3": [71.859375, 38.296875], "4": [61.703125, 68.765625], "5": [67.953125, 70.328125], "6": [46.078125, 49.234375], "7": [73.421875, 50.015625], "8": [46.859375, 87.515625], "9": [78.890625, 91.421875], "10": [30.453125, 43.765625], "11": [50.765625, 37.515625], "12": [46.859375, 106.265625], "13": [81.234375, 107.046875]},